run,suite,model,quant,backend,gpu,effort,temperature,overall,python,three,finished_only,answered,minutes,gen_minutes,tokens,thinking,answer_tokens,tokens_approx,tok_s_time,tok_s,vram_gb,ram_gb,disk_read_gb,t1_cube,t2_solar,t3_instanced_wave,t4_shader_water,t5_raycast_click,t6_terrain,p1_parse_duration,p2_sliding_median,p3_topo_order,p4_gather_limited,h_t1_physics,h_t2_instanced_pick,h_t3_postfx_invert,h_p1_interval_set,h_p2_expr_eval,h_p3_line_diff
20260925-161106_qwen27b-q6-temp0-low,base,Qwen3.8-27B,UD-Q6_K_M,llama.cpp,RTX 5090 32 GB,low,1.0,100.0,100.0,100.0,100.0,10/10,4.7,4.4,28674,21866,6808,False,108.9,121.3,29.8,39.8,0.2,100,100,100,100,100,100,100,100,100,100,,,,,,
20260930-191515_Qwen3.8-Flash-Next-GSQ-RCO-IQ3_S-strata-medium,base,Qwen3.8-Flash-Next,?,llama.cpp,RTX 5090 32 GB,medium,1.0,100.0,100.0,100.0,100.0,10/10,4.9,4.5,34826,26542,8284,False,129.4,144.7,30.5,68.3,1.0,100,100,100,100,100,100,100,100,100,100,,,,,,
20260929-070727_Qwen3.8-27B-exl3-low,base,Qwen3.8-27B,?,ExLlamaV3,RTX 5090 32 GB,low,1.0,100.0,100.0,100.0,100.0,10/10,5.0,4.7,30472,24158,6314,False,108.6,133.6,26.9,17.3,0.9,100,100,100,100,100,100,100,100,100,100,,,,,,
20260929-071229_Qwen3.8-27B-exl3-medium,base,Qwen3.8-27B,?,ExLlamaV3,RTX 5090 32 GB,medium,1.0,100.0,100.0,100.0,100.0,10/10,6.5,6.2,42683,36015,6668,True,115.2,134.7,26.9,19.3,0.4,100,100,100,100,100,100,100,100,100,100,,,,,,
20260927-084124_Qwen3.8-27B-AP-IQ3_S-medium,base,Qwen3.8-27B,AP IQ3_S,llama.cpp,RTX 4080 16 GB,medium,1.0,100.0,100.0,100.0,100.0,10/10,7.7,7.3,32290,24760,7530,False,73.6,79.0,15.3,25.7,0.2,100,100,100,100,100,100,100,100,100,100,,,,,,
20260927-075247_Qwen3.8-27_3.0_exl3-low,base,Qwen3.8-27B,EXL3 3.0 bpw,ExLlamaV3,RTX 4080 16 GB,low,1.0,100.0,100.0,100.0,100.0,10/10,8.6,8.3,39874,33761,6113,True,80.2,94.9,15.5,14.7,0.2,100,100,100,100,100,100,100,100,100,100,,,,,,
20260926-210526_Qwen3.8-27B-AP-IQ3_S-medium,base,Qwen3.8-27B,AP IQ3_S,llama.cpp,RTX 4080 16 GB,medium,1.0,100.0,100.0,100.0,100.0,10/10,8.8,8.5,36868,29293,7575,False,72.6,78.7,15.2,27.0,0.5,100,100,100,100,100,100,100,100,100,100,,,,,,
20260927-081515_Qwen3.8-27_3.0_exl3-medium,base,Qwen3.8-27B,EXL3 3.0 bpw,ExLlamaV3,RTX 4080 16 GB,medium,1.0,100.0,100.0,100.0,100.0,10/10,18.3,17.9,81563,74048,7515,True,75.8,90.7,15.6,15.0,0.6,100,100,100,100,100,100,100,100,100,100,,,,,,
20260929-201504_Qwen3.8-Flash-Next-GSQ-RCO-IQ3_S-low,base,Qwen3.8-Flash-Next,?,llama.cpp,RTX 5090 32 GB,low,1.0,100.0,100.0,100.0,100.0,10/10,31.3,31.0,65594,58830,6764,False,35.3,37.8,30.8,68.4,1.7,100,100,100,100,100,100,100,100,100,100,,,,,,
20260929-204625_Qwen3.8-Flash-Next-GSQ-RCO-IQ3_S-medium,base,Qwen3.8-Flash-Next,?,llama.cpp,RTX 5090 32 GB,medium,1.0,100.0,100.0,100.0,100.0,10/10,35.3,34.9,73299,65820,7479,False,35.0,38.0,30.8,72.7,0.3,100,100,100,100,100,100,100,100,100,100,,,,,,
20260925-173715_Qwen3.8-Flash-Next-GSQ-RCO-IQ3_XXS-medium,base,Qwen3.8-Flash-Next,GSQ-RCO IQ3_XXS,llama.cpp,RTX 5090 32 GB,medium,1.0,100.0,100.0,100.0,100.0,10/10,54.6,54.3,72149,64396,7753,False,22.2,23.2,24.6,67.3,1.9,100,100,100,100,100,100,100,100,100,100,,,,,,
20260925-092639_GLM-5.3-Flash-exl3-3.05bpw-high,base,GLM-5.3-Flash,EXL3 3.05 bpw,ExLlamaV3,RTX 5090 32 GB,high,1.0,99.5,99.1,100.0,99.6,10/10,20.5,20.1,14984,7803,7181,False,12.4,14.1,27.0,117.7,1.8,100,100,100,100,100,100,96,100,100,100,,,,,,
20260925-234530_Qwen3.8-Flash-Next-UD-Q4_K_XL,base,Qwen3.8-Flash-Next,UD-Q4_K_XL,llama.cpp,RTX 5090 32 GB,medium,1.0,99.2,100.0,98.5,99.1,10/10,29.5,29.2,55449,47699,7750,False,31.7,38.8,26.8,101.3,5.6,100,91,100,100,100,100,100,100,100,100,,,,,,
20260927-080847_Qwen3.8-27_3.0_exl3-low,base,Qwen3.8-27B,EXL3 3.0 bpw,ExLlamaV3,RTX 4080 16 GB,low,1.0,99.1,98.1,100.0,99.3,10/10,6.5,6.1,31886,26143,5743,True,86.8,96.1,15.6,14.8,0.1,100,100,100,100,100,100,93,100,100,100,,,,,,
20260925-161550_qwen27b-q6-temp0-medium,base,Qwen3.8-27B,UD-Q6_K_M,llama.cpp,RTX 5090 32 GB,medium,1.0,98.6,97.2,100.0,98.9,10/10,3.9,3.5,22245,14138,8107,False,105.3,120.0,29.8,39.7,0.0,100,100,100,100,100,100,89,100,100,100,,,,,,
20260926-204533_Qwen3.8-27B-AP-IQ3_XS-medium,base,Qwen3.8-27B,AP IQ3_XS,llama.cpp,RTX 4080 16 GB,medium,1.0,98.2,96.4,100.0,98.6,10/10,8.8,8.4,37228,29630,7598,False,73.5,79.8,14.8,26.2,0.1,100,100,100,100,100,100,100,86,100,100,,,,,,
20260927-090307_Qwen3.8-27B-abliterated-GSQ-RCO-IQ3_S-medium,base,Qwen3.8-27B abliterated,GSQ-RCO IQ3_S,llama.cpp,RTX 4080 16 GB,medium,1.0,98.2,96.4,100.0,98.6,10/10,9.5,9.2,37722,29238,8484,False,68.6,76.7,15.6,26.3,49.3,100,100,100,100,100,100,100,86,100,100,,,,,,
20260926-203312_Qwen3.8-27B-AP-IQ3_XS-low,base,Qwen3.8-27B,AP IQ3_XS,llama.cpp,RTX 4080 16 GB,low,1.0,97.5,95.0,100.0,98.0,10/10,12.3,12.0,46842,39352,7490,False,65.3,79.4,14.8,24.0,0.2,100,100,100,100,100,100,100,100,100,80,,,,,,
20260926-232035_Qwen3.8-27_3.0_exl3-low,base,Qwen3.8-27B,EXL3 3.0 bpw,ExLlamaV3,RTX 4080 16 GB,low,1.0,96.4,92.9,100.0,97.1,10/10,6.7,6.3,32353,25435,6918,True,85.4,97.4,15.4,13.7,0.2,100,100,100,100,100,100,100,71,100,100,,,,,,
20260926-202250_Qwen3.8-27B-abliterated-GSQ-RCO-IQ3_S-mtp-medium,base,Qwen3.8-27B abliterated,GSQ-RCO IQ3_S MTP,llama.cpp,RTX 4080 16 GB,medium,1.0,95.7,92.9,98.6,96.3,10/10,7.9,7.5,29787,21895,7892,False,66.1,73.0,15.5,27.4,0.1,100,100,100,100,100,92,100,71,100,100,,,,,,
20260925-224754_GLM-5.3-Flash-GSQ-RCO-3.5bit,base,GLM-5.3-Flash,GSQ-RCO 3.5-bit,llama.cpp,RTX 5090 32 GB,high,1.0,93.9,100.0,87.9,92.7,10/10,18.8,18.2,13535,6378,7157,False,12.4,14.4,30.8,127.1,59.1,45,82,100,100,100,100,100,100,100,100,,,,,,
20260926-230153_Qwen3.8-27_2.2_exl3-low,base,Qwen3.8-27B,EXL3 2.2 bpw,ExLlamaV3,RTX 4080 16 GB,low,1.0,93.6,87.2,100.0,94.9,10/10,6.1,5.7,25613,20355,5258,False,74.7,86.8,14.1,13.5,0.3,100,100,100,100,100,100,89,100,100,60,,,,,,
20260926-205543_Qwen3.8-27B-AP-IQ3_S-low,base,Qwen3.8-27B,AP IQ3_S,llama.cpp,RTX 4080 16 GB,low,1.0,93.3,86.5,100.0,94.6,10/10,9.7,9.4,40952,33496,7456,False,73.0,78.1,15.2,24.2,0.4,100,100,100,100,100,100,89,57,100,100,,,,,,
20260926-201219_Qwen3.8-27B-abliterated-GSQ-RCO-IQ3_S-mtp-low,base,Qwen3.8-27B abliterated,GSQ-RCO IQ3_S MTP,llama.cpp,RTX 4080 16 GB,low,1.0,92.9,85.7,100.0,94.3,10/10,10.5,10.2,40235,33176,7059,False,66.0,73.8,15.5,24.6,0.2,100,100,100,100,100,100,100,43,100,100,,,,,,
20260925-152627_qwen27b-q6-xhigh,base,Qwen3.8-27B,UD-Q6_K_M,llama.cpp,RTX 5090 32 GB,default (xhigh),1.0,92.9,85.7,100.0,94.3,10/10,37.5,37.1,193989,184804,9185,False,87.1,94.2,30.0,39.7,1.0,100,100,100,100,100,100,100,43,100,100,,,,,,
20260927-071948_Qwen3.8-27_2.2_exl3-medium,base,Qwen3.8-27B,EXL3 2.2 bpw,ExLlamaV3,RTX 4080 16 GB,medium,1.0,92.6,97.2,88.1,91.7,10/10,6.4,5.8,27787,21557,6230,True,79.4,86.8,14.2,15.5,0.1,100,100,100,70,100,58,89,100,100,100,,,,,,
20260927-072734_Qwen3.8-27_2.2_exl3-low,base,Qwen3.8-27B,EXL3 2.2 bpw,ExLlamaV3,RTX 4080 16 GB,low,1.0,91.2,89.3,93.1,91.5,10/10,12.4,11.9,54396,48214,6182,True,76.5,87.5,14.9,15.4,0.4,100,100,100,100,100,58,100,57,100,100,,,,,,
20260930-191010_Qwen3.8-Flash-Next-GSQ-RCO-IQ3_S-strata-low,base,Qwen3.8-Flash-Next,?,llama.cpp,RTX 5090 32 GB,low,1.0,90.9,84.8,97.1,92.2,10/10,5.1,4.7,35371,28412,6959,False,125.4,140.5,30.5,70.1,2.2,100,100,91,100,100,92,96,43,100,100,,,,,,
20260925-205944_qwen-exl3-5.05,base,Qwen3.8-Flash-Next,EXL3 5.05 bpw,ExLlamaV3,RTX 5090 32 GB,medium,1.0,90.6,81.2,100.0,92.5,10/10,12.8,12.4,25044,17991,7053,False,33.6,36.2,29.3,86.1,7.1,100,100,100,100,100,100,96,29,100,100,,,,,,
20260927-080126_Qwen3.8-27_3.0_exl3-medium,base,Qwen3.8-27B,EXL3 3.0 bpw,ExLlamaV3,RTX 4080 16 GB,medium,1.0,88.6,82.1,95.0,89.9,10/10,6.7,6.4,30884,24723,6161,True,80.6,91.5,15.5,14.9,0.2,100,100,100,70,100,100,100,29,100,100,,,,,,
20260927-083438_Qwen3.8-27B-AP-IQ3_S-low,base,Qwen3.8-27B,AP IQ3_S,llama.cpp,RTX 4080 16 GB,low,1.0,88.6,82.1,95.0,89.9,10/10,6.8,6.4,27049,19678,7371,False,70.3,75.2,15.3,22.6,0.2,100,100,100,70,100,100,100,29,100,100,,,,,,
20260926-195257_Qwen3.8-27B-abliterated-GSQ-RCO-IQ3_XXS-medium,base,Qwen3.8-27B abliterated,GSQ-RCO IQ3_XXS,llama.cpp,RTX 4080 16 GB,medium,1.0,88.3,85.7,90.9,88.8,10/10,9.2,8.6,38315,30368,7947,False,73.9,78.7,15.1,26.9,0.0,100,100,45,100,100,100,100,43,100,100,,,,,,
20260925-162905_Qwen3.8-Flash-Next-GSQ-RCO-IQ3_XXS-low,base,Qwen3.8-Flash-Next,GSQ-RCO IQ3_XXS,llama.cpp,RTX 5090 32 GB,low,1.0,87.5,75.0,100.0,100.0,9/10,68.2,67.8,87646,80312,7334,False,21.5,22.9,24.6,63.6,3.1,100,100,100,100,100,100,100,0,100,100,,,,,,
20260925-094707_GLM-5.3-Flash-exl3-3.05bpw-max,base,GLM-5.3-Flash,EXL3 3.05 bpw,ExLlamaV3,RTX 5090 32 GB,max,1.0,87.5,75.0,100.0,100.0,9/10,205.8,205.4,159127,149457,9670,True,12.9,13.6,27.0,120.5,9.0,100,100,100,100,100,100,100,100,100,0,,,,,,
20260926-194222_Qwen3.8-27B-abliterated-GSQ-RCO-IQ3_XXS-low,base,Qwen3.8-27B abliterated,GSQ-RCO IQ3_XXS,llama.cpp,RTX 4080 16 GB,low,1.0,86.3,89.3,83.3,85.7,10/10,10.6,10.0,45022,37403,7619,False,75.3,81.1,15.1,27.0,0.2,100,100,100,100,100,0,100,57,100,100,,,,,,
20260927-074000_Qwen3.8-27_2.2_exl3-medium,base,Qwen3.8-27B,EXL3 2.2 bpw,ExLlamaV3,RTX 4080 16 GB,medium,1.0,85.1,77.6,92.6,86.6,10/10,8.9,8.5,41443,34571,6872,True,81.1,89.2,15.0,14.9,0.0,64,100,100,100,100,92,96,14,100,100,,,,,,
20260927-085059_Qwen3.8-27B-abliterated-GSQ-RCO-IQ3_S-low,base,Qwen3.8-27B abliterated,GSQ-RCO IQ3_S,llama.cpp,RTX 4080 16 GB,low,1.0,83.8,84.3,83.3,83.7,10/10,12.1,11.5,47211,39919,7292,False,68.3,77.1,15.6,23.4,0.2,100,100,100,0,100,100,100,57,100,80,,,,,,
20260926-232715_Qwen3.8-27_3.0_exl3-medium,base,Qwen3.8-27B,EXL3 3.0 bpw,ExLlamaV3,RTX 4080 16 GB,medium,1.0,83.6,72.2,95.0,95.4,9/10,13.8,13.4,60750,54358,6392,True,75.4,95.5,15.5,17.1,0.2,100,100,100,70,100,100,89,0,100,100,,,,,,
20260925-091254_GLM-5.3-Flash-exl3-3.05bpw-low,base,GLM-5.3-Flash,EXL3 3.05 bpw,ExLlamaV3,RTX 5090 32 GB,low,1.0,82.9,65.7,100.0,86.3,10/10,13.7,13.4,9567,978,8589,False,11.9,13.8,27.0,119.7,4.6,100,100,100,100,100,100,63,100,100,0,,,,,,
20260926-230758_Qwen3.8-27_2.2_exl3-medium,base,Qwen3.8-27B,EXL3 2.2 bpw,ExLlamaV3,RTX 4080 16 GB,medium,1.0,81.1,75.8,86.4,82.2,10/10,9.6,9.0,43815,36760,7055,True,81.0,87.7,14.1,16.3,0.2,100,100,100,60,100,58,89,14,100,100,,,,,,
20260925-135000_qwen-exl3-5.05,base,Qwen3.8-Flash-Next,EXL3 5.05 bpw,ExLlamaV3,RTX 5090 32 GB,default (xhigh),1.0,79.2,75.0,83.3,80.0,10/10,84.7,84.4,175980,170789,5191,True,34.8,34.5,29.4,83.3,28.6,100,100,100,100,100,0,0,100,100,100,,,,,,
20260927-070930_Qwen3.8-27_2.2_exl3-low,base,Qwen3.8-27B,EXL3 2.2 bpw,ExLlamaV3,RTX 4080 16 GB,low,1.0,78.5,75.0,81.9,79.2,10/10,10.3,8.4,38908,33059,5849,True,76.9,84.9,14.1,14.3,0.5,100,0,100,100,100,92,100,0,100,100,,,,,,
20260926-111822_glm-exl3-max-HARD,hard,GLM-5.3-Flash,EXL3 3.05 bpw,ExLlamaV3,RTX 5090 32 GB,max,1.0,0.0,0.0,0.0,,0/6,20.5,0.2,0,0,0,True,,,27.1,116.8,1.1,,,,,,,,,,,0,0,0,0,0,0
